id,label,pagerank,degree,weighted degree,betweenness,modularity_class,eigencentrality,top namesAddam-Marbrand,Addam Marbrand,0.001658302,12,56,148.2385875,3,0.200251726,Jaime-Lannister,Jaime Lannister,0.015460587,101,1569,31825.98727,3,0.881689191,JaimeTywin-Lannister,Tywin Lannister,0.006578567,48,690,6523.717361,3,0.618962441,TywinAegon-I-Targaryen,Aegon I Targaryen,0.0017869,9,41,2174.903452,0,0.107241811,Daenerys-Targaryen,Daenerys Targaryen,0.013047754,73,1608,37374.50312,0,0.302037282,DaenerysEddard-Stark,Eddard Stark,0.011485062,74,1649,24849.12408,2,0.758854569,EddardAemon-Targaryen-(Maester-Aemon),Aemon Targaryen (Maester Aemon),0.004170357,26,395,5996.713823,1,0.170243911,AemonAlliser-Thorne,Alliser Thorne,0.00215015,15,159,699.9892633,1,0.177767383,Bowen-Marsh,Bowen Marsh,0.002645307,18,187,336.3917595,1,0.130949231,BowenChett,Chett,0.001193239,7,54,30.26272613,1,0.054924189,Clydas,Clydas,0.001152654,7,88,70.11709262,1,0.073647917,Jeor-Mormont,Jeor Mormont,0.00433504,28,484,5450.116868,1,0.200269139,JeorJon-Snow,Jon Snow,0.018999999,114,2757,60635.83377,1,0.652392175,JonSamwell-Tarly,Samwell Tarly,0.006975666,44,934,13087.35587,1,0.222438731,SamwellAerys-II-Targaryen,Aerys II Targaryen,0.003342407,19,184,4440.320938,2,0.261966773,AerysBrandon-Stark,Brandon Stark,0.001284911,8,55,145.8220587,2,0.118600139,Gerold-Hightower,Gerold Hightower,0.001526733,8,34,2649.823679,2,0.107917932,Jon-Arryn,Jon Arryn,0.002673438,17,199,2781.115147,2,0.309145162,Jon ArrynRobert-Baratheon,Robert Baratheon,0.008779494,65,1488,24689.83257,2,0.770696684,RobertAggo,Aggo,0.001553655,10,112,31.69820762,0,0.05070168,Drogo,Drogo,0.003513729,21,307,3910.631713,0,0.081023782,DrogoJhogo,Jhogo,0.00184813,12,131,52.20186239,0,0.054238583,Jorah-Mormont,Jorah Mormont,0.003818527,26,401,3417.093467,0,0.152679943,JorahQuaro,Quaro,8.97E-04,5,21,0.45,0,0.022176941,Rakharo,Rakharo,0.001568548,10,85,10.17252627,0,0.038474061,Albett,Albett,6.14E-04,3,11,0,1,0.029139153,Halder,Halder,0.001310223,8,62,13.92731199,1,0.05270844,Rast,Rast,0.00102398,6,26,7.347420635,1,0.047752974,Grenn,Grenn,0.002245927,15,265,149.8164703,1,0.080657866,GrennPypar,Pypar,0.002333769,16,232,73.99488342,1,0.087720451,PyparTyrion-Lannister,Tyrion Lannister,0.018361958,122,2873,51189.9428,3,1,TyrionAlyn,Alyn,8.19E-04,5,32,7.271034706,2,0.071547097,Harwin,Harwin,0.001626347,11,71,113.0263867,4,0.106592412,Jory-Cassel,Jory Cassel,0.003021115,21,152,1539.60163,2,0.335546415,JoryTomard,Tomard,0.001115669,7,42,46.1716123,2,0.112962032,Arthur-Dayne,Arthur Dayne,0.001230385,5,24,1671.862702,2,0.022133942,Arya-Stark,Arya Stark,0.013448327,84,1460,27534.99765,4,0.689939049,AryaBenjen-Stark,Benjen Stark,0.002168581,14,125,1791.269028,1,0.234524428,BenjenBran-Stark,Bran Stark,0.008374658,54,1508,14174.64167,5,0.50127131,BranCatelyn-Stark,Catelyn Stark,0.011187242,75,1230,17350.51421,5,0.697379498,CatelynCersei-Lannister,Cersei Lannister,0.013361685,97,2232,27996.39709,3,0.913675701,CerseiDesmond,Desmond,4.56E-04,2,7,0,2,0.050168622,Ilyn-Payne,Ilyn Payne,0.002746662,22,268,282.5701786,3,0.358906606,IlynJeyne-Poole,Jeyne Poole,0.001965758,13,112,545.0369838,6,0.155369063,Joffrey-Baratheon,Joffrey Baratheon,0.008864548,69,1762,10023.52911,3,0.830307261,JoffreyMeryn-Trant,Meryn Trant,0.002614023,21,298,296.8611257,3,0.326117121,MerynMordane,Mordane,0.001544201,11,145,150.5648741,3,0.233883009,Mycah,Mycah,7.91E-04,5,65,0,3,0.120597801,Myrcella-Baratheon,Myrcella Baratheon,0.003123455,22,264,6373.17791,3,0.29558408,MyrcellaPetyr-Baelish,Petyr Baelish,0.006531267,47,733,8173.981409,2,0.591989794,PetyrRickon-Stark,Rickon Stark,0.002442985,17,345,625.2435571,5,0.259889768,RickonRobb-Stark,Robb Stark,0.01108117,74,1424,20978.43254,5,0.696184176,RobbRodrik-Cassel,Rodrik Cassel,0.004419386,30,253,3491.346696,5,0.377090053,RodrickSandor-Clegane,Sandor Clegane,0.004673074,36,528,2786.293678,3,0.467620155,SandorSansa-Stark,Sansa Stark,0.010185379,75,1547,15367.60421,3,0.795265222,SansaSyrio-Forel,Syrio Forel,6.88E-04,4,43,3.13736387,4,0.068380644,Tommen-Baratheon,Tommen Baratheon,0.0043059,33,539,1973.003163,3,0.449459369,TommenVayon-Poole,Vayon Poole,8.11E-04,5,28,0,2,0.118913758,Yoren,Yoren,0.002673644,18,120,1530.268947,4,0.201451207,YorenArys-Oakheart,Arys Oakheart,0.001367431,9,76,559.0120006,11,0.111221516,Balon-Greyjoy,Balon Greyjoy,0.00230163,13,149,3012.776117,6,0.178382212,BalonBalon-Swann,Balon Swann,0.002134301,16,96,1135.899858,3,0.215036776,Renly-Baratheon,Renly Baratheon,0.005541425,38,639,5972.535299,7,0.50718092,RenlyBarristan-Selmy,Barristan Selmy,0.006118771,41,470,14376.13016,0,0.398325907,BarristanBoros-Blount,Boros Blount,0.00181724,14,149,71.93278403,3,0.238671352,Pycelle,Pycelle,0.003697726,27,357,2337.571248,2,0.424864197,PycelleVarys,Varys,0.004486703,34,609,2904.093332,2,0.502065307,VarysJaremy-Rykker,Jaremy Rykker,0.001067718,5,30,794.9,1,0.04344749,Luwin,Luwin,0.003184198,22,376,994.6306088,5,0.247911498,LuwinMance-Rayder,Mance Rayder,0.004958755,33,389,4293.968658,1,0.239109913,ManceTheon-Greyjoy,Theon Greyjoy,0.012039921,66,782,35122.68445,6,0.438876561,TheonWaymar-Royce,Waymar Royce,8.41E-04,3,34,502.9361073,8,0.00942552,Beric-Dondarrion,Beric Dondarrion,0.002526931,18,166,675.3459815,4,0.258730582,BericGregor-Clegane,Gregor Clegane,0.004142355,33,410,1731.427412,3,0.466202614,GregorLoras-Tyrell,Loras Tyrell,0.003540885,28,329,455.349468,3,0.459843156,LorasThoros-of-Myr,Thoros of Myr,0.001373403,9,117,158.6617326,4,0.11922029,Hali,Hali,3.20E-04,1,3,0,5,0.0176184,Hallis-Mollen,Hallis Mollen,0.001023701,6,46,37.24999701,5,0.093432163,Hodor,Hodor,0.001658945,11,383,67.37888793,5,0.092805571,Hullen,Hullen,9.44E-04,6,20,14.66061804,5,0.079062559,Joseth,Joseth,4.43E-04,2,7,0,5,0.026440099,Nan,Nan,0.001324903,8,91,225.4947344,5,0.108520074,Osha,Osha,0.001413436,9,117,69.3090947,5,0.086604766,Rickard-Karstark,Rickard Karstark,0.001810945,12,89,289.2432125,5,0.165066067,Rickard-Stark,Rickard Stark,4.57E-04,2,7,2.043625819,5,0.021828658,Stiv,Stiv,4.48E-04,2,7,0,5,0.041784675,Lyanna-Stark,Lyanna Stark,8.15E-04,5,40,3.630025009,2,0.091261697,Bronn,Bronn,0.003549668,25,313,915.2991598,3,0.28617852,BronnChiggen,Chiggen,5.75E-04,3,16,0,3,0.047909955,Marillion,Marillion,0.001317382,9,64,26.40172959,5,0.149509346,Shae,Shae,0.001923681,13,147,260.7271133,3,0.189707143,Shagga,Shagga,0.00161716,7,70,1596.275015,3,0.06374307,Vardis-Egen,Vardis Egen,9.90E-04,6,37,56.49057052,3,0.084298439,Willis-Wode,Willis Wode,9.76E-04,6,28,13.48828818,3,0.088931668,Brynden-Tully,Brynden Tully,0.002708986,19,185,702.8859695,5,0.237448507,BryndenEdmure-Tully,Edmure Tully,0.003387722,24,291,1092.20667,5,0.254304759,EdmureHoster-Tully,Hoster Tully,0.001474899,10,90,109.6903808,5,0.141302348,Lysa-Arryn,Lysa Arryn,0.003348784,24,341,1914.070609,5,0.342602571,LysaNestor-Royce,Nestor Royce,0.001070311,7,58,24.39893666,5,0.099355639,Walder-Frey,Walder Frey,0.002829265,19,176,2093.839532,5,0.216395381,WalderColemon,Colemon,0.001021467,6,30,36.18418348,5,0.056494854,Donnel-Waynwood,Donnel Waynwood,3.15E-04,1,3,0,5,0.0241265,Eon-Hunter,Eon Hunter,5.74E-04,3,9,0,5,0.038919576,Jon-Umber-(Greatjon),Jon Umber (Greatjon),0.002212108,14,102,429.5406264,5,0.141530252,GreatjonMasha-Heddle,Masha Heddle,3.15E-04,1,5,0,5,0.0241265,Moreo-Tumitis,Moreo Tumitis,3.15E-04,1,3,0,5,0.0241265,Mya-Stone,Mya Stone,9.18E-04,5,34,34.32815449,5,0.03566138,Mychel-Redfort,Mychel Redfort,3.15E-04,1,3,0,5,0.0241265,Robert-Arryn,Robert Arryn,0.003244365,20,151,3540.894984,5,0.163941453,Robert ArrynStevron-Frey,Stevron Frey,8.56E-04,5,19,0.833333333,5,0.062647841,Tytos-Blackwood,Tytos Blackwood,9.48E-04,5,19,33.04870591,5,0.06657696,Wendel-Manderly,Wendel Manderly,0.00141059,7,28,814.2744704,5,0.060087095,Cayn,Cayn,5.80E-04,3,16,2.327777778,2,0.047089615,Janos-Slynt,Janos Slynt,0.003131573,23,196,2266.9684,1,0.33408114,JanosStannis-Baratheon,Stannis Baratheon,0.013649912,89,1375,34761.69491,7,0.742983245,StannisChella,Chella,5.54E-04,3,16,0,3,0.05813429,Clement-Piper,Clement Piper,4.83E-04,2,7,0,5,0.032205421,Karyl-Vance,Karyl Vance,7.72E-04,4,15,6.606010895,5,0.045049207,Cohollo,Cohollo,7.84E-04,4,29,0,0,0.01906484,Haggo,Haggo,0.001078997,6,45,0.983333333,0,0.02245906,Qotho,Qotho,0.00122688,7,68,9.377123794,0,0.027682409,Conn,Conn,8.86E-04,3,20,794,3,0.037728247,Coratt,Coratt,4.40E-04,1,5,0,3,0.001633953,Doreah,Doreah,9.93E-04,6,54,0.652272727,0,0.032381985,Eroeh,Eroeh,3.40E-04,1,8,0,0,0.012422001,Illyrio-Mopatis,Illyrio Mopatis,0.001813087,12,138,379.5307796,0,0.106004496,Irri,Irri,0.002254309,15,220,313.3664379,0,0.054655514,IrriJhiqui,Jhiqui,0.001835029,12,183,22.66810586,0,0.045018636,Mirri-Maz-Duur,Mirri Maz Duur,0.001040211,6,66,3.038621493,0,0.027840174,Rhaegar-Targaryen,Rhaegar Targaryen,0.002709567,18,202,2474.966144,2,0.229834851,RhaegarViserys-Targaryen,Viserys Targaryen,0.00210191,14,169,775.5447875,0,0.130200237,Danwell-Frey,Danwell Frey,7.63E-04,3,9,330.4430054,7,0.008917265,Hosteen-Frey,Hosteen Frey,9.69E-04,4,17,305.715996,7,0.009254063,Jared-Frey,Jared Frey,8.56E-04,3,9,1.916666667,7,0.002117589,Dareon,Dareon,0.001172024,6,53,970.7913025,1,0.068417461,Daryn-Hornwood,Daryn Hornwood,5.08E-04,2,6,0,2,0.027998416,Torrhen-Karstark,Torrhen Karstark,6.64E-04,3,11,16.50238183,2,0.051402264,Dolf,Dolf,3.85E-04,1,10,0,3,0.002533387,Donal-Noye,Donal Noye,0.001327243,8,85,75.87815019,1,0.08416131,Jommo,Jommo,6.11E-04,2,6,0,0,0.004351901,Ogo,Ogo,9.89E-04,3,18,794,0,0.004711173,Rhaego,Rhaego,3.31E-04,1,5,0,0,0.00373751,Dywen,Dywen,0.001339033,8,55,174.5140278,1,0.054808031,Galbart-Glover,Galbart Glover,0.001282566,8,34,298.6687127,5,0.110627915,Gendry,Gendry,0.003236759,20,238,3934.637105,4,0.160128291,GendryHigh-Septon-(fat_one),High Septon (fat_one),5.57E-04,3,12,0,3,0.088565135,Howland-Reed,Howland Reed,4.52E-04,2,6,0,5,0.043584998,Jacks,Jacks,3.20E-04,1,4,0,2,0.025966597,Joss,Joss,3.20E-04,1,5,0,2,0.025966597,Marq-Piper,Marq Piper,0.001212414,8,32,56.16199054,5,0.124976174,Porther,Porther,3.20E-04,1,4,0,2,0.025966597,Raymun-Darry,Raymun Darry,4.35E-04,2,12,0,2,0.052092503,Tobho-Mott,Tobho Mott,3.20E-04,1,7,0,2,0.025966597,Tregar,Tregar,3.20E-04,1,4,0,2,0.025966597,Varly,Varly,3.20E-04,1,4,0,2,0.025966597,Wyl-(guard),Wyl (guard),7.75E-04,4,15,85.01684909,2,0.068585616,Wylla,Wylla,3.20E-04,1,3,0,2,0.025966597,Fogo,Fogo,4.69E-04,1,4,0,0,6.14E-04,Roose-Bolton,Roose Bolton,0.003959645,28,232,1753.615171,3,0.358208392,RooseGared,Gared,8.41E-04,3,29,322.2280893,8,0.008913109,Will-(prologue),Will (prologue),6.65E-04,2,30,0,8,0.00147331,Oswell-Whent,Oswell Whent,8.64E-04,3,9,378.7973154,2,0.005064513,Todder,Todder,7.21E-04,4,41,0,1,0.034339742,Gunthor-son-of-Gurn,Gunthor son of Gurn,3.16E-04,1,7,0,3,0.034764842,Harys-Swyft,Harys Swyft,0.001252343,9,42,26.16934806,3,0.13985087,Heward,Heward,4.75E-04,2,8,0,2,0.014037311,Hobb,Hobb,0.001638237,11,49,27.4538146,1,0.079926434,Hugh,Hugh,3.22E-04,1,3,0,2,0.010405177,Jafer-Flowers,Jafer Flowers,3.70E-04,1,3,0,1,0.001938291,Kevan-Lannister,Kevan Lannister,0.002385238,17,196,597.5564485,3,0.280614087,KevanMatthar,Matthar,3.30E-04,1,3,0,1,0.024617956,Othor,Othor,3.30E-04,1,5,0,1,0.024617956,Maege-Mormont,Maege Mormont,8.72E-04,5,27,1.266666667,5,0.061334153,Jonos-Bracken,Jonos Bracken,4.80E-04,2,12,0,3,0.032912876,Jyck,Jyck,5.50E-04,2,11,0,3,0.036319517,Morrec,Morrec,5.50E-04,2,10,0,3,0.036319517,Kurleket,Kurleket,3.16E-04,1,5,0,3,0.034764842,Lancel-Lannister,Lancel Lannister,0.001664997,12,149,164.1963342,3,0.221468115,Leo-Lefford,Leo Lefford,3.16E-04,1,4,0,3,0.034764842,Mace-Tyrell,Mace Tyrell,0.003085661,23,203,1856.236556,3,0.336093287,MaceLyn-Corbray,Lyn Corbray,7.62E-04,4,17,6.643466419,5,0.038617862,Paxter-Redwyne,Paxter Redwyne,9.35E-04,6,34,243.9115707,3,0.090894674,Maegor-I-Targaryen,Maegor I Targaryen,0.0010601,6,22,798.6260349,3,0.093553034,Mord,Mord,3.16E-04,1,20,0,3,0.034764842,Randyll-Tarly,Randyll Tarly,0.002076634,13,67,1411.68223,3,0.125851241,Timett,Timett,7.46E-04,4,29,1.295454545,3,0.063942497,Ulf-son-of-Umar,Ulf son of Umar,3.85E-04,1,4,0,3,0.002533387,Harren-Hoare,Harren Hoare,6.34E-04,3,16,24.19760511,4,0.032314801,Rhaenys-Targaryen,Rhaenys Targaryen,6.21E-04,2,7,0,0,0.004608076,Visenya-Targaryen,Visenya Targaryen,6.21E-04,2,6,0,0,0.004608076,Aegon-V-Targaryen,Aegon V Targaryen,3.25E-04,1,6,0,1,0.006692821,Daeron-II-Targaryen,Daeron II Targaryen,4.77E-04,2,6,393.496947,0,0.019114822,Maekar-I-Targaryen,Maekar I Targaryen,3.25E-04,1,3,0,1,0.006692821,Aenys-Frey,Aenys Frey,8.31E-04,4,19,256.2373336,7,0.047251802,Aeron-Greyjoy,Aeron Greyjoy,0.0038906,15,151,4082.494978,6,0.040095201,AeronDagmer,Dagmer,0.001018808,5,23,45.43942746,6,0.042479075,Aerys-I-Targaryen,Aerys I Targaryen,3.03E-04,1,3,0,2,0.026125906,Aggar,Aggar,0.001520711,4,13,2523.900785,6,0.008693986,Gariss,Gariss,0.001052227,2,8,794,6,0.001154377,Gelmarr,Gelmarr,5.12E-04,1,3,0,6,7.58E-04,Gynir,Gynir,7.14E-04,2,7,25.43809524,6,0.002127967,Ramsay-Snow,Ramsay Snow,0.003954207,23,241,5274.789036,6,0.199160504,RamsayBelwas,Belwas,0.002041348,13,153,88.69169153,0,0.058979374,Alayaya,Alayaya,8.72E-04,4,16,794,3,0.076250031,Dancy,Dancy,3.74E-04,1,3,0,3,0.002847462,Alebelly,Alebelly,8.32E-04,4,19,2.25,5,0.023056931,Hayhead,Hayhead,4.97E-04,2,9,0,5,0.01882299,Jojen-Reed,Jojen Reed,0.001551907,10,261,85.7207165,5,0.062153071,Mikken,Mikken,9.94E-04,5,25,74.50154579,5,0.039473929,Alester-Florent,Alester Florent,0.001199388,7,41,114.5154628,7,0.063566562,Cortnay-Penrose,Cortnay Penrose,0.001183719,7,39,208.4130871,7,0.106541946,Davos-Seaworth,Davos Seaworth,0.006084221,33,483,7526.411338,7,0.185813207,DavosAllar-Deem,Allar Deem,4.32E-04,2,7,0,3,0.046269918,Allard-Seaworth,Allard Seaworth,6.95E-04,3,13,5.25952381,7,0.034590017,Marya-Seaworth,Marya Seaworth,5.16E-04,2,8,0,7,0.027671643,Amabel,Amabel,5.64E-04,2,10,0,4,0.025416763,Harra,Harra,5.64E-04,2,7,0,4,0.025416763,Amory-Lorch,Amory Lorch,0.002540689,20,105,372.884547,3,0.261540205,AmoryChiswyck,Chiswyck,0.001640624,13,56,13.49966205,3,0.175149983,Dunsen,Dunsen,0.001640624,13,154,13.49966205,3,0.175149983,Hot-Pie,Hot Pie,0.001858775,11,195,959.5332102,4,0.059387407,Polliver,Polliver,0.001756667,14,151,28.27148492,3,0.201211425,Rafford,Rafford,0.001646371,13,171,14.67904097,3,0.201537131,Tickler,Tickler,0.001516494,12,143,0,3,0.172148959,Vargo-Hoat,Vargo Hoat,0.001530598,10,73,215.8913577,3,0.120338791,Ardrian-Celtigar,Ardrian Celtigar,4.26E-04,1,5,0,7,0.00152636,Monford-Velaryon,Monford Velaryon,8.37E-04,3,11,794,7,0.033731029,Aron-Santagar,Aron Santagar,2.99E-04,1,3,0,3,0.015707196,Arwyn-Oakheart,Arwyn Oakheart,3.24E-04,1,3,0,3,0.004661276,Biter,Biter,8.62E-04,5,47,29.7983532,4,0.052072932,Dobber,Dobber,3.25E-04,1,4,0,4,0.024202024,Jaqen-Hghar,Jaqen Hghar,9.96E-04,6,64,8.877518315,4,0.045688197,Koss,Koss,4.51E-04,2,8,0,4,0.031468993,Lommy-Greenhands,Lommy Greenhands,0.001038482,6,99,3.518372953,4,0.043292567,Praed,Praed,3.25E-04,1,3,0,4,0.024202024,Rorge,Rorge,0.001448879,9,77,131.8848447,4,0.076406188,Weasel,Weasel,7.39E-04,4,27,1.7,4,0.031812834,Weese,Weese,0.001166988,8,49,33.91869674,4,0.082994348,Woth,Woth,8.79E-04,5,18,0,4,0.041882412,Asha-Greyjoy,Asha Greyjoy,0.005265032,25,234,10423.10785,6,0.107656321,AshaWex-Pyke,Wex Pyke,0.001190263,5,32,679.5036529,6,0.025683591,Axell-Florent,Axell Florent,0.001691776,10,98,537.6030427,7,0.080978319,Selyse-Florent,Selyse Florent,0.00307527,19,207,1789.747494,7,0.126902052,SelyseBael-the-Bard,Bael the Bard,3.43E-04,1,5,0,1,0.002796225,Ygritte,Ygritte,0.002362903,13,165,838.014251,1,0.060620634,YgritteBallabar,Ballabar,8.23E-04,3,23,794,3,0.040101033,Podrick-Payne,Podrick Payne,0.001921946,11,159,1070.096438,3,0.137376909,Victarion-Greyjoy,Victarion Greyjoy,0.006258141,24,215,11504.39941,6,0.057046743,VictarionMandon-Moore,Mandon Moore,0.001244719,9,57,7.284189164,3,0.200739459,Osmund-Kettleblack,Osmund Kettleblack,0.002346624,18,218,211.6741335,3,0.259201329,OsmundBenfred-Tallhart,Benfred Tallhart,9.14E-04,4,16,115.8096282,6,0.01944751,Helman-Tallhart,Helman Tallhart,7.68E-04,4,13,42.93527824,7,0.023514568,Leobald-Tallhart,Leobald Tallhart,6.59E-04,3,11,6.48118627,5,0.016288622,Stygg,Stygg,7.77E-04,3,10,1.333333333,6,0.018362243,Beth-Cassel,Beth Cassel,6.01E-04,3,11,0,5,0.046905296,Gyles-Rosby,Gyles Rosby,0.002326555,18,101,131.1192975,3,0.224698024,GylesTanda-Stokeworth,Tanda Stokeworth,0.001024912,7,48,7.279956241,3,0.118260974,Chayle,Chayle,4.89E-04,2,7,0,5,0.019391809,Cley-Cerwyn,Cley Cerwyn,5.97E-04,3,12,0,5,0.032789744,Donella-Hornwood,Donella Hornwood,0.001246828,7,28,70.72646226,5,0.050680625,Meera-Reed,Meera Reed,0.001768262,11,291,95.04365083,5,0.061016843,Poxy-Tym,Poxy Tym,3.20E-04,1,3,0,5,0.0176184,Reek,Reek,4.66E-04,2,7,0,6,0.024964604,Stafford-Lannister,Stafford Lannister,7.04E-04,4,14,15.41944492,5,0.096250381,Walder-Frey-(son-of-Jammos),Walder Frey (son of Jammos),6.21E-04,3,26,0,5,0.036841523,Walder-Frey-(son-of-Merrett),Walder Frey (son of Merrett),0.00137018,8,52,43.30655917,5,0.075141062,Wyman-Manderly,Wyman Manderly,0.002910541,17,116,2917.165276,7,0.16308695,WymanBrienne-of-Tarth,Brienne of Tarth,0.007058737,45,521,10179.18938,3,0.452081723,BrienneEmmon-Cuy,Emmon Cuy,6.23E-04,3,14,5.341358905,3,0.034414949,Robar-Royce,Robar Royce,6.25E-04,3,13,15.85098596,5,0.041208988,Selwyn-Tarth,Selwyn Tarth,3.22E-04,1,4,0,3,0.015596186,Vyman,Vyman,5.74E-04,3,23,1.829999576,5,0.04473931,Jacelyn-Bywater,Jacelyn Bywater,0.001229896,9,55,4.788073548,3,0.162241826,Bryce-Caron,Bryce Caron,0.001167689,5,21,1633.207192,7,0.048579715,Eldon-Estermont,Eldon Estermont,8.57E-04,2,6,794,7,0.002406398,Guyard-Morrigen,Guyard Morrigen,5.11E-04,2,12,0,7,0.019108629,Captain-Myraham,Captain Myraham,3.44E-04,1,4,0,6,0.016261803,Captain-Myraham-Daughter,Captain Myraham Daughter,3.44E-04,1,3,0,6,0.016261803,Cleos-Frey,Cleos Frey,0.001082854,7,86,6.16494568,3,0.186126909,Colen-of-Greenpools,Colen of Greenpools,4.39E-04,2,9,0,5,0.041226016,Desmond-Grell,Desmond Grell,7.32E-04,4,30,1.00842729,5,0.059175248,Margaery-Tyrell,Margaery Tyrell,0.003992073,30,442,1434.763104,3,0.350041424,MargaeryMathis-Rowan,Mathis Rowan,0.001352789,8,35,816.8991195,3,0.098870457,Utherydes-Wayn,Utherydes Wayn,5.98E-04,3,15,0,5,0.050602238,Osfryd-Kettleblack,Osfryd Kettleblack,5.36E-04,3,25,0,3,0.044210252,Osney-Kettleblack,Osney Kettleblack,0.001547265,11,85,154.1586754,3,0.116502068,Preston-Greenfield,Preston Greenfield,4.33E-04,2,6,0,3,0.065932144,Vylarr,Vylarr,4.33E-04,2,9,0,3,0.065932144,Chataya,Chataya,3.16E-04,1,10,0,3,0.034764842,Craster,Craster,0.002525047,15,193,1229.075139,1,0.075902081,CrasterEddison-Tollett,Eddison Tollett,0.003002203,20,154,986.9119719,1,0.103188447,EddisonThoren-Smallwood,Thoren Smallwood,0.001692917,9,56,808.2138273,1,0.054158851,Cressen,Cressen,0.001426766,9,84,111.25764,7,0.097067241,Melisandre,Melisandre,0.003548023,23,327,2048.457395,7,0.186493669,MelisandrePatchface,Patchface,7.30E-04,4,23,0,7,0.0394938,Pylos,Pylos,0.001053936,6,77,1.233333333,7,0.047536882,Shireen-Baratheon,Shireen Baratheon,0.002130208,13,68,1028.679412,7,0.123800848,Cutjack,Cutjack,0.001247862,3,10,1587,4,0.00673368,Kurz,Kurz,5.42E-04,1,4,0,4,6.60E-04,Tarber,Tarber,5.42E-04,1,3,0,4,6.60E-04,Lynesse-Hightower,Lynesse Hightower,3.40E-04,1,3,0,0,0.012422001,Pono,Pono,7.47E-04,4,14,15.28963662,0,0.025037539,Pyat-Pree,Pyat Pree,5.37E-04,2,24,0,0,0.013780317,Quaithe,Quaithe,3.40E-04,1,11,0,0,0.012422001,Xaro-Xhoan-Daxos,Xaro Xhoan Daxos,6.96E-04,3,42,14.12382294,0,0.027358921,Dalbridge,Dalbridge,6.53E-04,3,13,0,1,0.029464811,Ebben,Ebben,8.33E-04,4,26,0.333333333,1,0.0309562,Qhorin-Halfhand,Qhorin Halfhand,0.00240395,14,166,888.2877586,1,0.075778354,QhorinDevan-Seaworth,Devan Seaworth,0.00102156,6,55,103.5613462,7,0.084124067,Imry-Florent,Imry Florent,3.45E-04,1,3,0,7,0.007183182,Matthos-Seaworth,Matthos Seaworth,3.45E-04,1,3,0,7,0.007183182,Salladhor-Saan,Salladhor Saan,9.30E-04,5,74,3.012517254,7,0.045247265,Mors-Umber,Mors Umber,8.30E-04,4,17,75.19478687,7,0.031108261,Dontos-Hollard,Dontos Hollard,0.001328258,9,103,147.8043361,3,0.160439746,Moon-Boy,Moon Boy,6.60E-04,4,36,2.936563953,3,0.053006591,Doran-Martell,Doran Martell,0.003047393,21,203,4588.03101,11,0.20974605,DoranDrennan,Drennan,5.72E-04,2,6,0,6,0.017324459,Squint,Squint,8.05E-04,3,9,2.333333333,6,0.018599626,Stonesnake,Stonesnake,8.08E-04,4,26,0.666666667,1,0.032261036,Maron-Greyjoy,Maron Greyjoy,3.20E-04,1,3,0,2,0.025966597,Steffon-Varner,Steffon Varner,5.53E-04,1,3,0,7,4.88E-04,Euron-Greyjoy,Euron Greyjoy,0.003151812,13,158,2526.461243,6,0.038403243,EuronFarlen,Farlen,3.44E-04,1,6,0,6,0.016261803,Florian-the-Fool,Florian the Fool,7.26E-04,2,11,794,9,0.027305542,Jonquil,Jonquil,4.97E-04,1,8,0,9,0.0012441,Murch,Murch,6.36E-04,1,5,0,6,4.53E-04,Garlan-Tyrell,Garlan Tyrell,0.001168588,7,44,795.0872491,3,0.141320065,Lollys-Stokeworth,Lollys Stokeworth,0.001071403,7,51,3.688762626,3,0.08174265,Hake,Hake,3.30E-04,1,4,0,1,0.024617956,Hallyne,Hallyne,4.26E-04,2,8,0,3,0.062598537,Halys-Hornwood,Halys Hornwood,3.14E-04,1,3,0,5,0.013025093,High-Septon-(Tyrions),High Septon (Tyrions),6.59E-04,4,24,0,3,0.107892567,Hobber-Redwyne,Hobber Redwyne,4.93E-04,1,7,0,3,0.00126202,Horas-Redwyne,Horas Redwyne,7.17E-04,2,10,794,3,0.028251121,Mebble,Mebble,3.32E-04,1,4,0,4,0.002574125,Tysha,Tysha,6.88E-04,4,24,4.744339106,3,0.098571586,Jarman-Buckwell,Jarman Buckwell,6.22E-04,3,14,0,1,0.034783486,Jason-Mallister,Jason Mallister,6.31E-04,3,12,20.53759695,5,0.042961973,Ottyn-Wythers,Ottyn Wythers,7.56E-04,4,15,5.638827839,1,0.043770144,Jon-Fossoway,Jon Fossoway,3.32E-04,1,3,0,3,0.003636385,Lark,Lark,0.001190711,6,30,817.119869,1,0.045697891,Rattleshirt,Rattleshirt,0.001809303,11,129,26.09792593,1,0.059887501,Kyra,Kyra,3.44E-04,1,4,0,6,0.016261803,Lorent-Caswell,Lorent Caswell,3.12E-04,1,3,0,7,0.017099516,Lorren,Lorren,0.002056419,8,31,1184.701309,6,0.022342788,Urzen,Urzen,5.62E-04,2,6,0,6,0.017616,Martyn-Rivers,Martyn Rivers,3.16E-04,1,3,0,5,0.024166275,Trystane-Martell,Trystane Martell,4.68E-04,2,17,20.24422223,3,0.013208151,Olyvar-Frey,Olyvar Frey,4.51E-04,2,16,0,5,0.028609315,Palla,Palla,4.90E-04,2,6,0,6,0.023608006,Perwyn-Frey,Perwyn Frey,4.87E-04,2,9,0,5,0.026603761,Qyburn,Qyburn,0.002519689,18,127,536.8367556,3,0.217859745,QyburnSteffon-Baratheon,Steffon Baratheon,4.43E-04,2,6,0,7,0.043219916,Robett-Glover,Robett Glover,0.001177704,7,24,157.914524,7,0.050609762,Shadd,Shadd,3.60E-04,1,3,0,5,0.002437486,Werlag,Werlag,5.64E-04,2,6,0,6,0.01731193,Jalabhar-Xho,Jalabhar Xho,8.57E-04,5,16,254.6507764,3,0.048444252,Oberyn-Martell,Oberyn Martell,0.00283345,20,192,3094.080631,3,0.253539953,OberynAegon-Frey-(son-of-Stevron),Aegon Frey (son of Stevron),7.15E-04,4,18,0,5,0.058368833,Torrhen-Stark,Torrhen Stark,4.89E-04,2,6,0,2,0.030018082,Aegon-Targaryen-(son-of-Rhaegar),Aegon Targaryen (son of Rhaegar),0.002558203,15,136,1897.530074,3,0.105490932,AegonElia-Martell,Elia Martell,0.001457204,9,56,852.172,3,0.154184993,Aemon-Targaryen-(Dragonknight),Aemon Targaryen (Dragonknight),3.19E-04,1,3,0,3,0.030339206,Cotter-Pyke,Cotter Pyke,0.001499843,10,68,81.90972049,1,0.090944664,Denys-Mallister,Denys Mallister,0.001347824,9,59,3.961469874,1,0.071965035,Owen,Owen,0.001525974,10,55,253.9487493,1,0.076819261,Wynton-Stout,Wynton Stout,3.25E-04,1,3,0,1,0.006692821,Rossart,Rossart,3.38E-04,1,4,0,2,0.008992674,Alerie-Hightower,Alerie Hightower,4.16E-04,2,6,0,3,0.023310349,Lamprey,Lamprey,8.23E-04,4,19,0.333333333,7,0.013900857,Alla-Tyrell,Alla Tyrell,8.31E-04,5,43,3.710908081,3,0.046722096,Elinor-Tyrell,Elinor Tyrell,8.54E-04,5,44,9.959763662,3,0.044599745,Megga-Tyrell,Megga Tyrell,7.03E-04,4,49,0,3,0.042622228,Anders-Yronwood,Anders Yronwood,4.68E-04,2,7,5.245087987,0,0.011781602,Andrew-Estermont,Andrew Estermont,8.76E-04,3,11,794,7,0.010229812,Edric-Storm,Edric Storm,0.001127098,6,44,508.3877157,7,0.066941668,Gerald-Gower,Gerald Gower,4.37E-04,1,3,0,7,7.81E-04,Anguy,Anguy,0.001438122,9,81,398.4657038,4,0.062807885,Greenbeard,Greenbeard,0.001123116,7,44,1.806547619,4,0.047520635,Husband,Husband,4.60E-04,2,7,0,4,0.006761802,Lem,Lem,0.00238924,15,155,1872.437317,4,0.107173886,LemSharna,Sharna,7.38E-04,4,15,0.5,4,0.011666083,Tom-of-Sevenstreams,Tom of Sevenstreams,0.001423791,9,85,135.3004495,4,0.053521815,Arson,Arson,3.30E-04,1,3,0,1,0.024617956,Arstan,Arstan,0.001393236,8,90,39.11568451,0,0.03811582,Kraznys-mo-Nakloz,Kraznys mo Nakloz,4.88E-04,2,19,0,0,0.014320922,Mero,Mero,9.44E-04,4,24,794,0,0.020912868,Lewyn-Martell,Lewyn Martell,0.001087093,4,12,416.1150379,2,0.006177181,Smiling-Knight,Smiling Knight,8.74E-04,2,7,794,2,0.001578259,Elmar-Frey,Elmar Frey,0.001325238,9,45,33.26710316,5,0.168063607,Mad-Huntsman,Mad Huntsman,3.25E-04,1,4,0,4,0.024202024,Pate-(Old),Pate (Old),3.25E-04,1,4,0,4,0.024202024,Ravella-Swann,Ravella Swann,3.25E-04,1,7,0,4,0.024202024,Porridge,Porridge,6.64E-04,3,14,0,7,0.011435252,Azor-Ahai,Azor Ahai,3.19E-04,1,6,0,7,0.0261204,Baelor-I-Targaryen,Baelor I Targaryen,5.49E-04,3,14,0,3,0.092820432,Frenken,Frenken,4.22E-04,1,4,0,3,0.001702481,Bannen,Bannen,4.65E-04,2,16,0,1,0.011458541,Bedwyck,Bedwyck,8.63E-04,5,18,0,1,0.02283774,Ben-Plumm,Ben Plumm,0.001523877,9,63,339.7746713,0,0.0766501,Oznak-zo-Pahl,Oznak zo Pahl,4.74E-04,2,12,0,0,0.015210709,Daario-Naharis,Daario Naharis,0.003017966,19,196,1725.855124,0,0.069176807,DaarioJack-Bulwer,Jack Bulwer,9.71E-04,5,19,48.35911348,4,0.040545767,Big-Boil,Big Boil,4.85E-04,2,6,0,1,0.027414182,Blane,Blane,3.20E-04,1,3,0,1,0.007716897,Othell-Yarwyck,Othell Yarwyck,0.001642302,11,81,23.0712128,1,0.070738737,Coldhands,Coldhands,7.19E-04,4,20,5.018988164,5,0.027295497,Brella,Brella,4.30E-04,2,12,0,3,0.033467538,Brenett,Brenett,3.15E-04,1,3,0,5,0.0241265,Walton,Walton,9.95E-04,5,34,794,3,0.066296924,Butterbumps,Butterbumps,4.27E-04,2,10,0,3,0.033365601,Olenna-Redwyne,Olenna Redwyne,0.001304265,9,55,92.32442007,3,0.190939501,Byam-Flint,Byam Flint,3.32E-04,1,3,0,1,0.003402473,Dacey-Mormont,Dacey Mormont,5.91E-04,3,11,0,5,0.050699401,Jeyne-Westerling,Jeyne Westerling,9.17E-04,5,49,320.4100286,5,0.060109584,Lothar-Frey,Lothar Frey,0.001691527,11,50,87.62505806,5,0.095211821,Raynald-Westerling,Raynald Westerling,6.56E-04,3,16,10.1469697,5,0.049516158,Robin-Ryger,Robin Ryger,4.45E-04,2,12,0,3,0.054465706,Roslin-Frey,Roslin Frey,8.20E-04,5,43,0,5,0.068407847,Ryman-Frey,Ryman Frey,0.001903717,12,64,322.1649368,3,0.120068608,Tansy,Tansy,9.49E-04,6,25,60.11688709,5,0.056153075,Ellaria-Sand,Ellaria Sand,9.72E-04,6,24,312.0780685,11,0.087121597,Willas-Tyrell,Willas Tyrell,0.001150811,8,37,5.222815711,3,0.141803549,Small-Paul,Small Paul,0.001029082,6,44,3.759000663,1,0.02821434,Cleon,Cleon,7.33E-04,3,21,6.031818182,0,0.01633217,Ghael,Ghael,5.48E-04,2,13,0,0,0.0134573,Clubfoot-Karl,Clubfoot Karl,4.66E-04,2,9,0,1,0.012389131,Gilly,Gilly,0.002197667,14,216,355.1647739,1,0.079079861,GillyDirk,Dirk,4.66E-04,2,10,0,1,0.012389131,Tormund,Tormund,0.002709671,15,180,1625.360867,1,0.063632607,TormundPrendahl-na-Ghezn,Prendahl na Ghezn,5.63E-04,2,9,0,0,0.003919186,Sallor,Sallor,5.63E-04,2,9,0,0,0.003919186,Grey-Worm,Grey Worm,0.001262163,8,59,10.29044614,0,0.04693953,Groleo,Groleo,0.001024352,6,34,11.28212612,0,0.036115578,Missandei,Missandei,0.001419352,9,121,30.39831133,0,0.049891939,Rhaegel-Targaryen,Rhaegel Targaryen,3.40E-04,1,5,0,0,0.012422001,Daeron-I-Targaryen,Daeron I Targaryen,3.28E-04,1,3,0,7,0.004681088,Dalla,Dalla,9.87E-04,6,51,11.08284627,1,0.074338214,Val,Val,0.001419399,9,125,256.3100272,1,0.103873073,Guncer-Sunglass,Guncer Sunglass,4.76E-04,2,7,0,7,0.014236224,Khorane-Sathmantes,Khorane Sathmantes,6.34E-04,3,11,0,7,0.035264486,Dick-Follard,Dick Follard,4.70E-04,2,8,0,1,0.027313806,Satin,Satin,0.002135174,13,101,928.2332013,1,0.056971836,Mag-Mar-Tun-Doh-Weg,Mag Mar Tun Doh Weg,4.71E-04,2,9,0,1,0.027987087,Lothor-Brune,Lothor Brune,8.41E-04,5,30,14.32950557,5,0.059990057,Watt,Watt,3.16E-04,1,3,0,1,0.004432,Errok,Errok,6.67E-04,3,14,0.333333333,1,0.028246367,Grigg,Grigg,6.65E-04,3,15,0.333333333,1,0.028263748,Styr,Styr,0.001393913,8,99,6.700793651,1,0.048068603,Galyeon-of-Cuy,Galyeon of Cuy,3.16E-04,1,3,0,3,0.034764842,Leonette-Fossoway,Leonette Fossoway,3.30E-04,1,3,0,3,0.004888705,Gawen-Westerling,Gawen Westerling,5.12E-04,2,6,0.833333333,7,0.005090255,Sybell-Spicer,Sybell Spicer,0.001183644,6,19,745.4518738,7,0.069010102,Gendel,Gendel,5.74E-04,2,6,0,1,0.02590258,Gorne,Gorne,5.74E-04,2,6,0,1,0.02590258,Merrit,Merrit,3.26E-04,1,3,0,4,0.005926687,Grazdan-mo-Eraz,Grazdan mo Eraz,3.89E-04,1,3,0,0,0.001213736,Kegs,Kegs,0.001150705,7,29,3.114587647,1,0.041719892,Jarl,Jarl,0.001375909,8,68,6.522222222,1,0.049062708,Grisel,Grisel,3.07E-04,1,3,0,2,0.019905315,Hareth-(Moles-Town),Hareth (Moles Town),0.001987457,11,60,695.4378368,1,0.0409061,Mully,Mully,0.001493862,9,46,11.79603175,1,0.046479642,Spare-Boot,Spare Boot,0.001033812,6,23,0.4,1,0.036784418,Harma,Harma,0.001441166,8,39,12.32857143,1,0.047409117,Varamyr,Varamyr,0.001708924,6,39,2379,1,0.037267512,Weeper,Weeper,9.04E-04,5,24,2,1,0.035532752,Jack-Be-Lucky,Jack Be Lucky,3.24E-04,1,5,0,4,0.004171453,Shagwell,Shagwell,0.001065092,6,34,63.05424042,3,0.053426669,Urswyck,Urswyck,3.19E-04,1,11,0,3,0.030339206,Joanna-Lannister,Joanna Lannister,3.05E-04,1,4,0,3,0.020801399,Orell,Orell,4.85E-04,2,9,0,1,0.027414182,Ryk,Ryk,7.78E-04,4,29,0,1,0.03309376,Zei,Zei,3.30E-04,1,3,0,1,0.024617956,Jon-Umber-(Smalljon),Jon Umber (Smalljon),4.50E-04,2,9,0,5,0.029349605,Robin-Flint,Robin Flint,6.21E-04,3,9,0,5,0.031787091,Jonothor-Darry,Jonothor Darry,6.64E-04,2,6,0,2,0.001277845,Joramun,Joramun,4.47E-04,2,10,0,1,0.016176236,Kella,Kella,3.04E-04,1,3,0,3,0.026888288,Willem-Lannister,Willem Lannister,9.94E-04,4,15,827.8584207,5,0.035127847,Softfoot,Softfoot,3.57E-04,1,3,0,1,0.002086547,Symon-Silver-Tongue,Symon Silver Tongue,5.72E-04,3,13,0,3,0.04441162,Merrett-Frey,Merrett Frey,4.37E-04,2,6,2.769433681,5,0.023527516,Walder-Rivers,Walder Rivers,8.65E-04,5,24,19.42592389,3,0.064459475,Mallador-Locke,Mallador Locke,3.48E-04,1,4,0,1,0.002448632,Martyn-Lannister,Martyn Lannister,5.16E-04,2,6,9.828132605,5,0.022353625,Munda,Munda,3.42E-04,1,4,0,1,0.002962739,Nage,Nage,3.58E-04,1,3,0,3,0.002549841,Oswell-Kettleblack,Oswell Kettleblack,4.22E-04,2,9,0,3,0.046793603,Yohn-Royce,Yohn Royce,0.001354364,8,40,623.710171,2,0.06058924,Petyr-Frey,Petyr Frey,4.50E-04,2,8,0.333333333,3,0.012069319,Ragwyle,Ragwyle,3.34E-04,1,3,0,1,0.003325836,Rollam-Westerling,Rollam Westerling,5.01E-04,2,7,0,5,0.026150151,Rhaella-Targaryen,Rhaella Targaryen,4.44E-04,2,6,0,2,0.013016835,Rolph-Spicer,Rolph Spicer,3.16E-04,1,5,0,5,0.024166275,Tristifer-IV-Mudd,Tristifer IV Mudd,3.16E-04,1,3,0,5,0.024166275,Zollo,Zollo,7.36E-04,4,14,0.2,3,0.039954683,Simon-Toyne,Simon Toyne,5.60E-04,1,3,0,2,4.66E-04,Tion-Frey,Tion Frey,4.00E-04,1,6,0,5,0.001552226,Lyle-Crakehall,Lyle Crakehall,8.27E-04,5,27,2.852417027,3,0.059147165,Daven-Lannister,Daven Lannister,5.81E-04,3,18,0,3,0.041631306,Edwyn-Frey,Edwyn Frey,7.22E-04,4,25,0.326923077,3,0.045617511,Emmon-Frey,Emmon Frey,0.001330069,8,44,146.5100983,3,0.077382936,Orton-Merryweather,Orton Merryweather,0.001356427,10,43,25.69202636,3,0.141315374,Falyse-Stokeworth,Falyse Stokeworth,7.09E-04,4,34,1.740400125,3,0.050351982,Tallad,Tallad,0.001033549,6,19,266.5859121,3,0.049745948,Dorcas,Dorcas,9.06E-04,6,41,1.64397357,3,0.063138649,Garth-Tyrell,Garth Tyrell,3.06E-04,1,3,0,3,0.031167302,High-Sparrow,High Sparrow,0.001207464,8,76,11.88951868,3,0.082929899,Jocelyn-Swyft,Jocelyn Swyft,7.80E-04,5,31,0.578571429,3,0.055984202,Maggy,Maggy,5.17E-04,2,8,0,3,0.03360972,Mark-Mullendore,Mark Mullendore,3.06E-04,1,3,0,3,0.031167302,Melara-Hetherspoon,Melara Hetherspoon,9.95E-04,4,15,816.4508315,3,0.063406156,Raynard,Raynard,7.29E-04,2,7,794,3,0.031588724,Senelle,Senelle,4.19E-04,2,12,0,3,0.043106011,Taena-of-Myr,Taena of Myr,0.001644736,12,105,155.3020107,3,0.171377384,Unella,Unella,8.12E-04,4,43,1,3,0.037284969,Moelle,Moelle,6.67E-04,3,26,0,3,0.034295699,Robert-Strong,Robert Strong,6.74E-04,4,14,9.657084502,3,0.054765958,Scolera,Scolera,6.67E-04,3,27,0,3,0.034295699,Mariya-Darry,Mariya Darry,4.38E-04,2,11,0,3,0.039186877,Shadrich,Shadrich,5.40E-04,2,7,41.86856437,3,0.031334129,Josmyn-Peckledon,Josmyn Peckledon,4.82E-04,2,23,0,3,0.033128789,Joy-Hill,Joy Hill,3.19E-04,1,3,0,3,0.030339206,Lewys-Piper,Lewys Piper,3.19E-04,1,3,0,3,0.030339206,Pia,Pia,7.70E-04,4,22,41.29862548,3,0.074110538,Rennifer-Longwaters,Rennifer Longwaters,7.49E-04,2,6,794,3,0.030760451,Ronnet-Connington,Ronnet Connington,4.38E-04,2,7,0,3,0.039789844,Shitmouth,Shitmouth,3.19E-04,1,3,0,3,0.030339206,Wylis-Manderly,Wylis Manderly,4.35E-04,2,6,0,3,0.051140605,Franklyn-Flowers,Franklyn Flowers,8.44E-04,3,10,794,3,0.009825555,Haldon,Haldon,0.001807301,11,135,90.05687706,3,0.063085169,Harry-Strickland,Harry Strickland,7.09E-04,3,31,1.685714286,3,0.010024074,Jon-Connington,Jon Connington,0.002775426,16,169,4005.099635,3,0.139772747,Jon ConningtonLemore,Lemore,0.001175332,7,54,0.642857143,3,0.053712924,Rhaenys-Targaryen-(daughter-of-Rhaegar),Rhaenys Targaryen (daughter of Rhaegar),3.33E-04,1,4,0,3,0.004177069,Rolly-Duckfield,Rolly Duckfield,0.001307552,8,101,4.254151404,3,0.057726953,Yandry,Yandry,0.001175332,7,65,0.642857143,3,0.053712924,Ysilla,Ysilla,0.001025347,6,46,0,3,0.048662399,Alleras,Alleras,0.001810383,8,48,4481.463732,10,0.02020659,Armen,Armen,0.001516745,6,23,5.333333333,10,0.00510738,Leo-Tyrell,Leo Tyrell,0.001220896,5,24,1643.409451,10,0.012420407,Marwyn,Marwyn,7.31E-04,3,12,177.351886,10,0.011042926,Mollander,Mollander,0.001086135,4,20,1.25,10,0.003433749,Pate-(novice),Pate (novice),0.00222707,7,47,3169.25,10,0.004913602,PateRoone,Roone,0.001034332,4,20,0.25,10,0.003630182,Lanna-(Happy-Port),Lanna (Happy Port),3.54E-04,1,4,0,1,0.002807691,Kojja-Mo,Kojja Mo,4.57E-04,2,15,0,1,0.012436054,Sigorn,Sigorn,7.69E-04,4,17,17.12209034,1,0.059369605,Tycho-Nestoris,Tycho Nestoris,6.40E-04,3,22,168.5388105,1,0.055357889,Narbert-Grandison,Narbert Grandison,0.001220705,6,24,256.3651555,7,0.034139378,Wick-Whittlestick,Wick Whittlestick,4.55E-04,2,10,0,1,0.029831199,Malegorn,Malegorn,8.32E-04,4,19,110.7475541,7,0.032050804,Leathers,Leathers,9.94E-04,5,37,7.166666667,1,0.032685233,Rory,Rory,4.84E-04,2,10,0,1,0.02670479,Patrek-of-Kings-Mountain,Patrek of Kings Mountain,8.13E-04,4,20,0.333333333,7,0.032912762,Soren-Shieldbreaker,Soren Shieldbreaker,3.30E-04,1,3,0,1,0.024617956,Tom-Barleycorn,Tom Barleycorn,3.30E-04,1,4,0,1,0.024617956,Toregg,Toregg,6.53E-04,3,18,0,1,0.029201099,Ulmer,Ulmer,3.30E-04,1,3,0,1,0.024617956,Wun-Weg-Wun-Dar-Wun,Wun Weg Wun Dar Wun,8.09E-04,4,28,3.049679487,1,0.032846923,Xhondo,Xhondo,5.62E-04,2,22,0,1,0.009736332,Theobald,Theobald,3.23E-04,1,7,0,1,0.008986658,Baelor-Blacktyde,Baelor Blacktyde,9.87E-04,4,15,0,6,0.013741933,Dunstan-Drumm,Dunstan Drumm,8.46E-04,3,10,2.317099567,6,0.006310921,Emmond,Emmond,4.09E-04,1,4,0,6,0.00218673,Gormond-Goodbrother,Gormond Goodbrother,4.09E-04,1,6,0,6,0.00218673,Gorold-Goodbrother,Gorold Goodbrother,6.31E-04,2,13,0,6,0.005271881,Greydon-Goodbrother,Greydon Goodbrother,4.09E-04,1,4,0,6,0.00218673,Meldred-Merlyn,Meldred Merlyn,6.31E-04,2,10,0,6,0.005271881,Murenmure,Murenmure,5.64E-04,2,14,0,6,0.018448533,Rus,Rus,4.09E-04,1,5,0,6,0.00218673,Red-Oarsman,Red Oarsman,9.93E-04,3,12,1586,6,0.007154807,Rodrik-Harlaw,Rodrik Harlaw,0.001776619,7,30,672.8914888,6,0.012440821,Tristifer-Botley,Tristifer Botley,8.19E-04,3,24,0,6,0.006135979,Justin-Massey,Justin Massey,0.001054728,5,40,15.15952381,6,0.036547311,Clayton-Suggs,Clayton Suggs,6.51E-04,3,15,0,7,0.033765322,Godry-Farring,Godry Farring,0.001262195,7,29,318.9211379,7,0.074745226,Grimtongue,Grimtongue,0.001076376,4,17,401.2208438,6,0.007297483,Hagen,Hagen,0.001549923,6,21,410.2208438,6,0.008523579,Qarl-the-Maid,Qarl the Maid,8.19E-04,3,16,0,6,0.006135979,Rolfe-the-Dwarf,Rolfe the Dwarf,3.67E-04,1,3,0,6,0.004619532,Sybelle-Glover,Sybelle Glover,5.86E-04,2,6,5.720843776,6,0.00597373,Torgon-Greyiron,Torgon Greyiron,3.67E-04,1,3,0,6,0.004619532,Hotho-Harlaw,Hotho Harlaw,0.001103664,4,16,186.6596136,6,0.006689858,Humfrey-Hewett,Humfrey Hewett,6.16E-04,2,7,0,6,0.005169286,Nute,Nute,0.001106417,4,24,2.833333333,6,0.006771875,Quellon-Greyjoy,Quellon Greyjoy,6.16E-04,2,7,0,6,0.005169286,Sawane-Botley,Sawane Botley,3.95E-04,1,3,0,6,0.002084135,Yellow-Dick,Yellow Dick,6.68E-04,3,15,0,6,0.025089503,Walda-Frey-(daughter-of-Merrett),Walda Frey (daughter of Merrett),4.64E-04,2,7,0,3,0.028600947,Willow-Witch-eye,Willow Witch eye,3.44E-04,1,4,0,6,0.016261803,Wulfe,Wulfe,4.10E-04,1,3,0,6,0.003085151,Denys-Darklyn,Denys Darklyn,3.38E-04,1,4,0,2,0.008992674,Elbert-Arryn,Elbert Arryn,3.38E-04,1,3,0,2,0.008992674,Owen-Merryweather,Owen Merryweather,3.38E-04,1,3,0,2,0.008992674,Quentyn-Martell,Quentyn Martell,0.003559858,19,246,3582.125519,0,0.059748199,QuentynGerris-Drinkwater,Gerris Drinkwater,0.001739586,9,100,838.5828082,0,0.038199691,Bloodbeard,Bloodbeard,8.01E-04,4,14,35.41700829,0,0.031158282,Galazza-Galare,Galazza Galare,0.001083629,6,57,24.25213129,0,0.034887401,Grazhar,Grazhar,6.66E-04,3,12,11.87545091,0,0.016940523,Hizdahr-zo-Loraq,Hizdahr zo Loraq,0.003720512,22,292,1871.069071,0,0.064513251,HizdahrKhrazz,Khrazz,0.001013163,5,28,235.9483477,0,0.020318856,Larraq,Larraq,3.15E-04,1,3,0,0,0.014034214,Reznak-mo-Reznak,Reznak mo Reznak,8.96E-04,5,49,0,0,0.033966243,Skahaz-mo-Kandaq,Skahaz mo Kandaq,0.001856362,12,135,18.75745945,0,0.050774945,Steelskin,Steelskin,6.31E-04,3,9,0,0,0.018504197,Widower,Widower,3.15E-04,1,3,0,0,0.014034214,Willam-Dustin,Willam Dustin,4.35E-04,2,7,0,2,0.052092503,Walgrave,Walgrave,9.70E-04,2,13,794,10,0.001156349,Quill,Quill,4.59E-04,1,4,0,10,7.60E-04,Rosey,Rosey,4.59E-04,1,9,0,10,7.60E-04,Alys-Arryn,Alys Arryn,7.55E-04,2,7,794,2,0.010808443,Elys-Waynwood,Elys Waynwood,5.09E-04,1,4,0,2,7.29E-04,Amerei-Frey,Amerei Frey,5.77E-04,3,20,0.725490196,3,0.040134519,Tattered-Prince,Tattered Prince,0.001788714,8,45,1854.933831,0,0.022259232,Andrey-Dalt,Andrey Dalt,9.42E-04,5,37,12.9506873,11,0.016915728,Arianne-Martell,Arianne Martell,0.00382385,20,189,5642.682025,11,0.056868373,ArianneGarin-(orphan),Garin (orphan),0.001604954,9,63,251.9922331,11,0.023397449,Sylva-Santagar,Sylva Santagar,9.42E-04,5,33,12.9506873,11,0.016915728,Tyene-Sand,Tyene Sand,0.001678971,9,57,844.7529104,11,0.025021391,Obara-Sand,Obara Sand,0.001078973,6,68,7.860822511,11,0.016019753,Cedra,Cedra,5.03E-04,2,13,0,11,0.004199886,Franklyn-Fowler,Franklyn Fowler,3.51E-04,1,3,0,11,0.002800731,Gerold-Dayne,Gerold Dayne,8.66E-04,5,34,2.882983718,11,0.025854481,Mellei,Mellei,6.10E-04,2,8,0,11,0.003338428,Morra,Morra,6.10E-04,2,8,0,11,0.003338428,Ricasso,Ricasso,8.00E-04,2,7,794,11,0.003199681,Timoth,Timoth,3.51E-04,1,3,0,11,0.002800731,Nymeria-Sand,Nymeria Sand,7.75E-04,4,40,5.705927401,11,0.011485506,Anya-Waynwood,Anya Waynwood,0.001284264,7,44,184.3015202,2,0.027400777,Benedar-Belmore,Benedar Belmore,9.56E-04,5,21,138.9234968,2,0.024338058,Gilwood-Hunter,Gilwood Hunter,9.57E-04,5,22,86.9215484,2,0.016317674,Harrold-Hardyng,Harrold Hardyng,6.26E-04,3,13,2.666984127,2,0.009896649,Horton-Redfort,Horton Redfort,8.13E-04,4,21,0.583333333,2,0.006160566,Symond-Templeton,Symond Templeton,9.32E-04,5,23,11.92792202,2,0.026065881,Areo-Hotah,Areo Hotah,0.001397868,9,118,41.15350974,11,0.046405176,Caleotte,Caleotte,7.03E-04,4,27,23.03893116,11,0.026261765,Bellegere-Otherys,Bellegere Otherys,3.25E-04,1,3,0,4,0.024202024,Brea,Brea,7.91E-04,3,15,0.5,4,0.026638094,Brusco,Brusco,5.49E-04,2,16,0,4,0.025486486,Denyo-Terys,Denyo Terys,5.64E-04,2,11,0,4,0.025416763,Kindly-Man,Kindly Man,5.64E-04,2,30,0,4,0.025416763,Meralyn,Meralyn,3.25E-04,1,9,0,4,0.024202024,Talea,Talea,5.49E-04,2,8,0,4,0.025486486,Ternesio-Terys,Ternesio Terys,5.64E-04,2,8,0,4,0.025416763,Umma,Umma,3.25E-04,1,6,0,4,0.024202024,Waif,Waif,5.64E-04,2,33,0,4,0.025416763,Yorko-Terys,Yorko Terys,3.25E-04,1,6,0,4,0.024202024,Timeon,Timeon,7.45E-04,4,22,9.027312017,3,0.034713894,Sigfryd-Harlaw,Sigfryd Harlaw,6.39E-04,2,7,0,6,0.001776482,Aurane-Waters,Aurane Waters,0.001243299,9,37,24.68121765,3,0.120521724,Theomore,Theomore,4.64E-04,2,6,0,7,0.032136093,William-Foxglove,William Foxglove,3.19E-04,1,3,0,7,0.0261204,Balman-Byrch,Balman Byrch,5.77E-04,3,24,0,3,0.043038232,Hyle-Hunt,Hyle Hunt,0.001127783,7,59,90.23400308,3,0.093187844,Clarence-Crabb,Clarence Crabb,3.22E-04,1,4,0,3,0.015596186,Creighton-Longbough,Creighton Longbough,7.82E-04,3,27,8.080952381,3,0.017910779,Dick-Crabb,Dick Crabb,0.001033876,5,39,807.1547999,3,0.068397409,Elder-Brother,Elder Brother,6.85E-04,3,11,0,3,0.017900143,Illifer,Illifer,5.43E-04,2,23,0,3,0.016591109,Jeyne-Heddle,Jeyne Heddle,3.22E-04,1,4,0,3,0.015596186,Meribald,Meribald,9.95E-04,5,47,5.243514584,3,0.025925808,Narbert,Narbert,6.85E-04,3,14,0,3,0.017900143,Pyg,Pyg,7.61E-04,4,22,0.9,3,0.023714496,Willow-Heddle,Willow Heddle,4.59E-04,2,8,0,3,0.021522873,Blue-Bard,Blue Bard,8.62E-04,5,23,286.6628087,3,0.053380321,Lambert-Turnberry,Lambert Turnberry,6.27E-04,3,9,0.333333333,3,0.006207803,Bonifer-Hasty,Bonifer Hasty,3.19E-04,1,4,0,3,0.030339206,Brynden-Rivers,Brynden Rivers,4.57E-04,2,17,0,5,0.020262804,Leaf,Leaf,4.57E-04,2,11,0,5,0.020262804,Eustace-Brune,Eustace Brune,3.64E-04,1,3,0,3,0.002607713,Yezzan-zo-Qaggaz,Yezzan zo Qaggaz,0.001022397,5,48,1.833333333,3,0.042537268,Forley-Prester,Forley Prester,4.50E-04,2,6,0,3,0.011839578,Genna-Lannister,Genna Lannister,5.76E-04,3,15,0,3,0.05411359,Cedric-Payne,Cedric Payne,3.37E-04,1,3,0,3,0.004904458,Torbert,Torbert,4.98E-04,1,4,0,3,0.001388076,Gretchel,Gretchel,7.39E-04,4,21,3.795424493,5,0.036866606,Maddy,Maddy,9.00E-04,5,28,11.59063472,5,0.038404848,Terrance-Lynderly,Terrance Lynderly,9.79E-04,3,12,794,5,0.007042303,Daemon-Sand,Daemon Sand,4.32E-04,2,6,0,11,0.016316876,Emmett,Emmett,9.08E-04,5,34,7.022410576,1,0.044057252,Ralf-Stonehouse,Ralf Stonehouse,6.45E-04,2,6,0,6,0.003825233,Garrett-Paege,Garrett Paege,3.19E-04,1,3,0,3,0.030339206,Gerold-Grafton,Gerold Grafton,4.66E-04,1,3,0,5,6.69E-04,Gormon-Tyrell,Gormon Tyrell,6.01E-04,1,3,0,10,4.58E-04,Gyles-Grafton,Gyles Grafton,6.04E-04,2,8,0,5,0.00668194,Harras-Harlaw,Harras Harlaw,4.10E-04,1,3,0,6,0.003085151,Hugo-Vance,Hugo Vance,3.19E-04,1,3,0,3,0.030339206,Jaehaerys-I-Targaryen,Jaehaerys I Targaryen,3.39E-04,1,3,0,3,0.00337656,Rugen,Rugen,5.07E-04,1,3,0,3,0.001372278,Jeyne-Farman,Jeyne Farman,4.00E-04,1,4,0,3,0.002442418,Myranda-Royce,Myranda Royce,5.98E-04,3,13,6.961876897,5,0.034519772,Lucas-Codd,Lucas Codd,9.87E-04,2,6,794,6,0.001100272,Torwold-Browntooth,Torwold Browntooth,6.08E-04,1,3,0,6,4.51E-04,Lyonel-Corbray,Lyonel Corbray,4.68E-04,2,7,0,5,0.021546276,Manfrey-Martell,Manfrey Martell,5.29E-04,1,4,0,11,5.32E-04,Pate-(whipping-boy),Pate (whipping boy),2.99E-04,1,4,0,3,0.015116342,Puckens,Puckens,7.28E-04,2,6,794,2,0.014532837,Shortear,Shortear,4.98E-04,1,3,0,2,8.39E-04,Quhuru-Mo,Quhuru Mo,5.62E-04,2,8,0,1,0.009736332,Ralf-(Limper),Ralf (Limper),4.10E-04,1,7,0,6,0.003085151,Sarella-Sand,Sarella Sand,3.47E-04,1,3,0,11,0.001456827,Talbert-Serry,Talbert Serry,4.10E-04,1,10,0,6,0.003085151,Spotted-Cat,Spotted Cat,0.001340791,6,26,1059.272147,0,0.018813588,Penny,Penny,0.00125606,7,92,88.0767184,3,0.061966413,Moqorro,Moqorro,0.001114343,5,39,760.54298,6,0.053061896,Meris,Meris,0.001392504,6,43,967.5637068,0,0.020048654,Hero,Hero,7.51E-04,4,24,0,0,0.020163275,Ezzara,Ezzara,3.40E-04,1,3,0,0,0.012422001,Lysono-Maar,Lysono Maar,3.40E-04,1,3,0,0,0.012422001,Marselen,Marselen,5.92E-04,2,7,0,0,0.01331065,Mezzara,Mezzara,5.38E-04,2,7,0,0,0.013599295,Miklaz,Miklaz,9.20E-04,3,10,794,0,0.014011935,Qavo-Nogarys,Qavo Nogarys,6.08E-04,3,16,9.083551042,3,0.049894571,Qezza,Qezza,0.001162156,5,21,33.59187488,0,0.018543997,Symon-Stripeback,Symon Stripeback,5.92E-04,2,8,0,0,0.01331065,Yurkhaz-zo-Yunzak,Yurkhaz zo Yunzak,3.40E-04,1,4,0,0,0.012422001,Myles-Toyne,Myles Toyne,5.37E-04,2,13,0,3,0.006010094,Nyessos-Vhassar,Nyessos Vhassar,7.77E-04,2,10,794,3,0.005642346,Alys-Karstark,Alys Karstark,6.25E-04,3,24,0,1,0.03408331,Alysane-Mormont,Alysane Mormont,6.77E-04,3,28,0,6,0.032420731,Richard-Horpe,Richard Horpe,4.98E-04,2,10,0,6,0.027801198,Archibald-Yronwood,Archibald Yronwood,8.85E-04,4,43,0.75,0,0.007581466,Cletus-Yronwood,Cletus Yronwood,0.001077771,5,23,248.3927396,0,0.018729442,Kedry,Kedry,5.31E-04,2,6,0,0,0.004204625,Arnolf-Karstark,Arnolf Karstark,0.001125186,5,20,826.8968899,7,0.038478591,Arthor-Karstark,Arthor Karstark,3.80E-04,1,3,0,7,0.001735619,Arron,Arron,6.72E-04,3,14,0,1,0.005422305,Emrick,Emrick,6.72E-04,3,12,0,1,0.005422305,Hop-Robin,Hop Robin,6.38E-04,3,13,0,1,0.028665602,Rowan,Rowan,9.43E-04,5,27,18.18685727,6,0.03371349,Squirrel,Squirrel,7.60E-04,4,20,2.90167899,6,0.032519751,Skinner,Skinner,0.001180776,5,25,794,6,0.026928333,Sour-Alyn,Sour Alyn,0.001260847,6,34,4.45,6,0.028755228,Ashara-Dayne,Ashara Dayne,3.26E-04,1,3,0,3,0.005385163,Barbrey-Dustin,Barbrey Dustin,0.001079768,6,37,57.67259521,6,0.068631101,Roger-Ryswell,Roger Ryswell,4.96E-04,2,8,0,6,0.018970983,Kasporio,Kasporio,6.42E-04,3,9,0,3,0.03961452,Tybero-Istarion,Tybero Istarion,6.42E-04,3,16,0,3,0.03961452,Marghaz-zo-Loraq,Marghaz zo Loraq,3.32E-04,1,5,0,0,0.003290408,Barsena,Barsena,3.40E-04,1,4,0,0,0.012422001,Bartimus,Bartimus,3.45E-04,1,4,0,7,0.007183182,Garth-(Wolfs-Den),Garth (Wolfs Den),5.13E-04,2,7,0,7,0.009896675,Godric-Borrell,Godric Borrell,3.45E-04,1,9,0,7,0.007183182,Leona-Woolfield,Leona Woolfield,4.91E-04,2,7,0,7,0.013198875,Marlon-Manderly,Marlon Manderly,4.76E-04,2,8,0,7,0.033303583,Belaquo,Belaquo,8.35E-04,4,18,4.04536273,0,0.007991175,Goghor-the-Giant,Goghor the Giant,8.72E-04,4,22,0.333333333,0,0.006474194,Ben-Bones,Ben Bones,4.90E-04,2,9,0,6,0.023608006,Sweets,Sweets,6.43E-04,3,17,0,3,0.039209744,Benerro,Benerro,7.97E-04,4,18,11.69996701,3,0.052158685,Rodrik-Sparr,Rodrik Sparr,6.00E-04,2,11,0,6,0.005349266,Benethon-Scales,Benethon Scales,4.99E-04,2,7,0,7,0.006713757,Black-Balaq,Black Balaq,4.28E-04,1,3,0,3,7.61E-04,Cellador,Cellador,7.22E-04,4,22,0.5,1,0.035868431,Brandon-Norrey,Brandon Norrey,7.68E-04,2,6,794,1,0.025037522,Torghen-Flint,Torghen Flint,5.15E-04,1,3,0,1,0.001258361,Brus-Buckler,Brus Buckler,6.76E-04,3,15,0,7,0.008271643,Bump,Bump,4.31E-04,1,5,0,1,0.001792205,Caggo,Caggo,0.001238581,5,24,794,0,0.00807552,Lucifer-Long,Lucifer Long,3.99E-04,1,3,0,0,8.08E-04,Camarron,Camarron,3.78E-04,1,3,0,0,0.001226534,Corliss-Penny,Corliss Penny,3.19E-04,1,3,0,7,0.0261204,Cromm,Cromm,6.37E-04,2,8,0,6,0.001592139,Nurse,Nurse,7.68E-04,4,28,4.084220355,3,0.045380044,Damon-Dance-for-Me,Damon Dance for Me,0.001068466,5,26,2.95,6,0.027559899,Grunt,Grunt,7.04E-04,3,13,0,6,0.019155249,Denzo-Dhan,Denzo Dhan,3.86E-04,1,3,0,0,0.001271785,Dick-Straw,Dick Straw,8.44E-04,2,7,794,0,0.00180892,Hugh-Hungerford,Hugh Hungerford,5.47E-04,1,3,0,0,4.79E-04,Draqaz,Draqaz,4.49E-04,1,3,0,0,9.48E-04,Dryn,Dryn,3.42E-04,1,3,0,1,0.002962739,Frenya,Frenya,5.25E-04,2,9,0,6,0.017526204,Holly,Holly,8.56E-04,4,23,2.759174664,6,0.024386786,Fulk,Fulk,4.71E-04,2,9,0,1,0.026825827,Garth-Greyfeather,Garth Greyfeather,6.91E-04,3,11,0,4,0.027820011,Hairy-Hal,Hairy Hal,6.91E-04,3,11,0,4,0.027820011,Gerrick-Kingsblood,Gerrick Kingsblood,7.68E-04,2,8,794,1,0.025037522,Raymun-Redbeard,Raymun Redbeard,5.15E-04,1,3,0,1,0.001258361,Haggon,Haggon,4.31E-04,1,8,0,1,0.001792205,Harl,Harl,4.07E-04,1,3,0,6,0.001354198,Harwood-Stout,Harwood Stout,3.44E-04,1,5,0,6,0.016261803,Hoster-Blackwood,Hoster Blackwood,3.19E-04,1,4,0,3,0.030339206,Hother-Umber,Hother Umber,7.91E-04,4,16,13.55925843,7,0.020009838,Rhaegar-Frey,Rhaegar Frey,5.76E-04,2,6,199.4996727,7,0.006534398,Kerwin,Kerwin,4.10E-04,1,12,0,6,0.003085151,Longwater-Pyke,Longwater Pyke,4.10E-04,1,3,0,6,0.003085151,Luton,Luton,3.89E-04,1,3,0,6,0.001391287,Lyanna-Mormont,Lyanna Mormont,3.19E-04,1,3,0,7,0.0261204,Malaquo-Maegyr,Malaquo Maegyr,5.19E-04,1,7,0,3,5.92E-04,Morgo,Morgo,3.16E-04,1,4,0,3,0.034764842,Old-Bill-Bone,Old Bill Bone,3.48E-04,1,3,0,0,0.003015673,Roose-Ryswell,Roose Ryswell,3.19E-04,1,3,0,7,0.0261204,Scar,Scar,4.90E-04,2,12,0,3,0.036611539,Shrouded-Lord,Shrouded Lord,3.16E-04,1,4,0,3,0.034764842,Thistle,Thistle,4.31E-04,1,7,0,1,0.001792205,